{
  "n_total": 117,
  "n_both_honest_correct": 22,
  "direct_honest_accuracy": 0.4188034188034188,
  "cot_honest_accuracy": 0.28205128205128205,
  "monitor_A_auc": 0.8305555555555555,
  "monitor_A_std": 0.1672212993699157,
  "monitor_B_auc": 0.9510714285714286,
  "monitor_B_std": 0.07273449059730178,
  "monitor_C_auc": 0.9510714285714286,
  "monitor_C_std": 0.07273449059730178,
  "H1_supported": true,
  "H2_p_value": 0.08224586097443361,
  "H3_hard_vs_honest_p": 1.1789894494079306e-05,
  "H3_soft_vs_honest_p": 8.897401960504872e-11,
  "correct_rank_direct_honest": 1.0,
  "correct_rank_direct_hard": 2.772727272727273,
  "correct_rank_cot_honest": 1.5454545454545454,
  "correct_rank_cot_hard": 2.1818181818181817
}